<?xml version="1.0" encoding="UTF-8"?>
<!DOCTYPE ObjectStudioProject>
<Custom>
<Items>
<Device Index="1" Top="468" Left="596" Type="WaveRecorder" ClassName="WaveRecorder.dll">
<Custom RecordLock="false" RecordVolumeL="100" RecordVolumeR="100" RulerBeats="4" RulerTempo="120">
<Lanes>
<Lane1>
<Lane>
<EffectRack>
<Custom>
<Items>
<AutomationLanes/>
<Position Height="30" Width="800"/>
</Items>
</Custom>
</EffectRack>
</Lane>
</Lane1>
<Mixer>
<Channel0>
<Channel Volume="100" Bypass="false" Pan="100" Mute="false" Solo="false" Effect1="100" Effect2="100" Effect3="100" EQActive="false" HiGain="100" MidGain="100" LoGain="100" Gain="100" LoCut="false"/>
</Channel0>
<Master Lock="true" Volume Left="100" Volume Right="100" Effect 1="100" Effect 2="100" Effect 3="100"/>
<Effect0>
<Custom/>
</Effect0>
<Effect1>
<Custom/>
</Effect1>
<Effect2>
<Custom/>
</Effect2>
</Mixer>
</Lanes>
<Files/>
<Items>
<Position Top="25" Height="1076" Width="1792" Visible="true"/>
</Items>
</Custom>
</Device>
<AutomationLanes/>
<Connection InJack="This Out" OutJack="WaveRecorder 1 Out"/>
<Position Top="25" Left="0" Height="1067" Width="1792" Visible="true"/>
</Items>
</Custom>
