<?xml version="1.0" encoding="UTF-8"?>
<!DOCTYPE ObjectStudioProject>
<Custom>
<Items>
<Device Index="1" Top="433" Left="614" Type="ObjectComposer" ClassName="ObjectComposer.dll">
<Parameter Name="Volume" Value="100" Index="0"/>
<Custom>
<ObjectComposerScore>
<Template>
<TemplateStaff/>
</Template>
<TempoFont Bold="true" FontSize="160"/>
<DynamicFont Italic="true" FontSize="150"/>
<LayoutCollection/>
<Score>
<Staff Name="New Staff">
<Voice/>
</Staff>
</Score>
</ObjectComposerScore>
<Items>
<Position Top="25" Height="1076" Width="1792" Visible="true"/>
</Items>
</Custom>
</Device>
<AutomationLanes/>
<Connection InJack="This Out" OutJack="ObjectComposer 1 Out"/>
<Position Top="25" Left="0" Height="1064" Width="1790" Visible="true"/>
</Items>
</Custom>
